actor,movie_or_TV_name
Peter Linari,Hustle
Peter Linari,Good Time
Peter Linari,Straighten Up and Fly Right
Peter Linari,Season of the Hunted
Peter Linari,The Curse of the Jade Scorpion
Peter Linari,A Simple Wish
Peter Linari,Men in Black
Peter Linari,Léon: The Professional
Peter Linari,The Image
Peter Linari,She's Out of Control
Peter Linari,Surgikill
Peter Linari,Fat Guy Goes Nutzoid
Jessie Keosian,Léon: The Professional
Jessie Keosian,Green Card
Joseph Malerba,Grand Hôtel
Joseph Malerba,La loi de Valérie
Joseph Malerba,Les Déguns
Joseph Malerba,Black Earth Rising
Joseph Malerba,Just One Look
Joseph Malerba,Going to Brazil
Joseph Malerba,Belle and Sebastian: The Adventure Continues
Joseph Malerba,In Harmony
Joseph Malerba,The Grad Job
Joseph Malerba,Rosemary's Baby
Joseph Malerba,Odysseus
Alex Dezen,Golden Days
Alex Dezen,Léon: The Professional
Joseph Malerba,Murders in...
Joseph Malerba,L'innocent
Joseph Malerba,Prey
Joseph Malerba,Services sacrés
Joseph Malerba,Braquo
Joseph Malerba,Mesrine: Public Enemy #1
Joseph Malerba,Rivals
Joseph Malerba,I Hate My Best Friends' Kids
Joseph Malerba,Sécurité Intérieure
Joseph Malerba,The Unpolished
Joseph Malerba,Marie Antoinette
Joseph Malerba,The Statement
Joseph Malerba,Bullit & Riper
Joseph Malerba,Father and Sons
Joseph Malerba,Cold as Summer
Joseph Malerba,A Hell of a Day
Joseph Malerba,Des croix sur la mer
Joseph Malerba,Highway Melody
Joseph Malerba,Terror Firmer
Joseph Malerba,The Messenger: The Story of Joan of Arc
Joseph Malerba,The Best Job in the World
Joseph Malerba,Léon: The Professional
Joseph Malerba,La folie douce
Joseph Malerba,Sweetheart
Adam Busch,Sugar Rag
Adam Busch,Menorah in the Middle
Adam Busch,Allegoria
Adam Busch,Hypochondriac
Adam Busch,Frank
Adam Busch,The Rookie
Adam Busch,Altered Carbon
Adam Busch,Rebel in the Rye
Adam Busch,Dave Made a Maze
Adam Busch,Party Girl
Adam Busch,Internet Famous
Adam Busch,Happy Baby
Adam Busch,Colony
Adam Busch,The Strange Lives of the Not So Destined
Tommy Hollis,Mary and Rhoda
Tommy Hollis,Now and Again
Tommy Hollis,Mama Flora's Family
Tommy Hollis,Primary Colors
Tommy Hollis,Joe's Apartment
Tommy Hollis,The Piano Lesson
Tommy Hollis,Léon: The Professional
Tommy Hollis,The Vernon Johns Story
Tommy Hollis,Homicide: Life on the Street
Tommy Hollis,Malcolm X
Tommy Hollis,Stay the Night
Tommy Hollis,The Colored Museum
Tommy Hollis,Law & Order
Tommy Hollis,Astonished
Tommy Hollis,Moonstruck
Tommy Hollis,L.A. Law
Tommy Hollis,Ghostbusters
Tommy Hollis,Great Performances
Michael Mundra,Across the Moon
Michael Mundra,Léon: The Professional
Michael Mundra,Major League II
Adam Busch,Chicago P.D.
Adam Busch,Men At Work
Adam Busch,MyMusic
Adam Busch,The Dungeon Master
Adam Busch,All American Orgy
Adam Busch,Are You Scared 2
Adam Busch,Random! Cartoons
Adam Busch,The Hustle
Adam Busch,Terminator: The Sarah Connor Chronicles
Adam Busch,Back to You
Adam Busch,American Dreamz
Adam Busch,Point Pleasant
Adam Busch,House
Adam Busch,The Jury
Adam Busch,Magic Rock
Adam Busch,Sugar & Spice
Adam Busch,CSI: Crime Scene Investigation
Adam Busch,Figure It Out
Adam Busch,Buffy the Vampire Slayer
Adam Busch,The Mystery Files of Shelby Woo
Adam Busch,Léon: The Professional
Adam Busch,Law & Order
Adam Busch,Drones
Adam Busch,Drones
Adam Busch,Drones
George Martin,Feasting with Panthers
George Martin,Law & Order: Criminal Intent
George Martin,Law & Order: Special Victims Unit
George Martin,Outside Providence
George Martin,Vendetta
George Martin,Drunks
George Martin,One Fine Day
George Martin,The Associate
George Martin,She Led Two Lives
George Martin,Léon: The Professional
George Martin,Quiz Show
George Martin,The Man Without a Face
George Martin,Dave
George Martin,Dying Young
George Martin,"He Said, She Said"
George Martin,Awakenings
George Martin,Law & Order
George Martin,Largo Desolato
George Martin,Dead Poets Society
George Martin,Rocket Gibraltar
George Martin,Crossing Delancey
George Martin,License to Kill
George Martin,We're Puttin' on the Ritz
George Martin,The Man with One Red Shoe
George Martin,The Purple Rose of Cairo
George Martin,The Beniker Gang
George Martin,Falling in Love
George Martin,C.H.U.D.
George Martin,The Royal Romance of Charles and Diana
George Martin,The Dark End of the Street
George Martin,The Scarlet Letter
George Martin,Great Performances
George Martin,Guns of Nevada
George Martin,Billy the Kid
Kent Broadhurst,Person of Interest
Kent Broadhurst,Rambam - The Story of Maimonides
Kent Broadhurst,Law & Order: Special Victims Unit
Kent Broadhurst,A Couch in New York
Kent Broadhurst,"Alkali, Iowa"
Kent Broadhurst,Léon: The Professional
Kent Broadhurst,Babylon 5
Kent Broadhurst,In the Line of Duty: Ambush in Waco
Kent Broadhurst,The Dark Half
Kent Broadhurst,Touch and Die
Kent Broadhurst,Law & Order
Kent Broadhurst,A Shock to the System
Kent Broadhurst,Stars & Bars
Kent Broadhurst,Kane & Abel
Kent Broadhurst,Silver Bullet
Kent Broadhurst,Spenser: For Hire
Kent Broadhurst,The Equalizer
Kent Broadhurst,Solomon Northup's Odyssey
Kent Broadhurst,Silkwood
Kent Broadhurst,Kennedy
Kent Broadhurst,I Want to Live
Kent Broadhurst,Lovesick
Kent Broadhurst,The Verdict
Kent Broadhurst,Brubaker
Kent Broadhurst,The Man That Corrupted Hadleyburg
Kent Broadhurst,Wild Iris
Maïwenn,Un coup de dés
Maïwenn,Jeanne du Barry
Maïwenn,Neneh Superstar
Maïwenn,Our Ties
Maïwenn,Tralala
Maïwenn,Sisters
Maïwenn,DNA
Maïwenn,The Man in the Hat
Maïwenn,All Inclusive
Maïwenn,Nox
Maïwenn,The Price of Success
Maïwenn,Quotidien
Maïwenn,Love Is the Perfect Crime
Maïwenn,Pirate TV
Maïwenn,Polisse
Maïwenn,D'un film à l'autre
Maïwenn,All About Actresses
Maïwenn,Pardonnez-moi
Maïwenn,Salut les Terriens !
Maïwenn,The Courage to Love
Maïwenn,Le genre humain - 1ère partie: Les Parisiens
Maïwenn,Osmosis
Maïwenn,I'm an actrice
Maïwenn,High Tension
Maïwenn,The Cranberries - Stars: The Best Videos 1992-2002
Maïwenn,L'Oiseau rare
Maïwenn,The Fifth Element
Maïwenn,Léon: The Professional
Maïwenn,Zone interdite
Maïwenn,La Gamine
Maïwenn,The Elegant Criminal
Maïwenn,The Other Night
Maïwenn,Double Face
Maïwenn,State of Grace
Maïwenn,One Deadly Summer
Maïwenn,Jeanne du Barry
Maïwenn,Our Ties
Maïwenn,DNA
Maïwenn,Paris etc.
Maïwenn,My King
Maïwenn,Polisse
Maïwenn,All About Actresses
Maïwenn,Pardonnez-moi
Maïwenn,I'm an actrice
Maïwenn,Jeanne du Barry
Maïwenn,DNA
Maïwenn,My King
Maïwenn,Polisse
Maïwenn,All About Actresses
Maïwenn,Pardonnez-moi
Maïwenn,I'm an actrice
Maïwenn,Paris etc.
Stuart Rudin,Like Me
Stuart Rudin,Indiana
Stuart Rudin,Found in Time
Stuart Rudin,Being Flynn
Stuart Rudin,Blue Bloods
Stuart Rudin,Arthur 3: The War of the Two Worlds
Stuart Rudin,Absence
Stuart Rudin,Veronika Decides to Die
Stuart Rudin,Rapturious
Stuart Rudin,The Namesake
Stuart Rudin,Law & Order: Criminal Intent
Stuart Rudin,Little Nicky
Stuart Rudin,No Looking Back
Stuart Rudin,Private Parts
Stuart Rudin,Léon: The Professional
Stuart Rudin,What About Bob?
Stuart Rudin,The Silence of the Lambs
Stuart Rudin,Law & Order
Stuart Rudin,Quick Change
Stuart Rudin,Rooftops
Stuart Rudin,Sticky Fingers
Frank Senger,13
Frank Senger,Frank the Rat
Frank Senger,Monday Night Mayhem
Frank Senger,Law & Order: Criminal Intent
Frank Senger,Law & Order: Special Victims Unit
Frank Senger,Mickey Blue Eyes
Frank Senger,Wishful Thinking
Frank Senger,Above Freezing
Frank Senger,Tomorrow Night
Frank Senger,The Fifth Element
Frank Senger,Maximum Risk
Frank Senger,Bullet
Frank Senger,The Jerky Boys
Frank Senger,Russian Roulette - Moscow 95
Frank Senger,Léon: The Professional
Frank Senger,Hit the Dutchman
Frank Senger,Thrill Kill Video Club
Frank Senger,Law & Order
Jernard Burks,Deputy
Jernard Burks,Dolemite Is My Name
Jernard Burks,A Black Lady Sketch Show
Jernard Burks,A Stone Cold Christmas
Jernard Burks,Snowfall
Jernard Burks,This Is Us
Jernard Burks,Imperial Dreams
Jernard Burks,Brooklyn Nine-Nine
Jernard Burks,Shameless
Jernard Burks,Spoken Word
Jernard Burks,The Hangover
Jernard Burks,Street Kings
Lucius Wyatt Cherokee,Léon: The Professional
Jernard Burks,Dexter
Jernard Burks,Four Brothers
Jernard Burks,Starsky & Hutch
Jernard Burks,Just Hustle
Jernard Burks,Bringing Down the House
Jernard Burks,The Shield
Jernard Burks,CSI: Crime Scene Investigation
Jernard Burks,Law & Order: Special Victims Unit
Jernard Burks,Snake Eyes
Jernard Burks,The Preacher's Wife
Jernard Burks,Devil in a Blue Dress
Jernard Burks,Léon: The Professional
Jernard Burks,Law & Order
Luc Bernard,The Summit of the Gods
Luc Bernard,Série J
Luc Bernard,Skylab
Luc Bernard,The House
Luc Bernard,Ruby & Quentin
Luc Bernard,Night Squad
Luc Bernard,Crossing the Lighthouse
Luc Bernard,Léon: The Professional
Luc Bernard,Highlander: The Series
Luc Bernard,Fortune Express
Luc Bernard,Le passager du Tassili
Luc Bernard,L'amour propre ne le reste jamais très longtemps
Luc Bernard,Julien
Luc Bernard,Maman que man
Luc Bernard,Cinq-Mars
Luc Bernard,Police Commissioner Moulin
Matt De Matt,Funny Money
Matt De Matt,Léon: The Professional
Matt De Matt,Searching for Bobby Fischer
Michael Wehrhahn,Origin: Beyond the Impact
Michael Wehrhahn,The Secret War
Michael Wehrhahn,Blazin'
Michael Wehrhahn,Léon: The Professional
Michael Wehrhahn,Mr. Wonderful
Michael Wehrhahn,Black Knight
Jean-Hugues Anglade,Neptunes Thunder
Jean-Hugues Anglade,The Deep Dark
Jean-Hugues Anglade,Cannes Confidential
Jean-Hugues Anglade,Vaincre ou mourir
Jean-Hugues Anglade,Visions
Jean-Hugues Anglade,Dancing On
Jean-Hugues Anglade,Superwho?
Jean-Hugues Anglade,Marie Trintignant : le choix du jeu
Jean-Hugues Anglade,Blue Eyes
Jean-Hugues Anglade,Prise au piège
Jean-Hugues Anglade,Quand sort la recluse
Jean-Hugues Anglade,Sink or Swim
Jean-Hugues Anglade,Maximilian and Marie De Bourgogne
Jean-Hugues Anglade,The Passenger
Jean-Hugues Anglade,Suburra
Jean-Hugues Anglade,I Am a Soldier
Jean-Hugues Anglade,Les trois silences
Jean-Hugues Anglade,The Ninth Cloud
Jean-Hugues Anglade,Blue Notes and Bungalows
Jean-Hugues Anglade,Back in Crime
Jean-Hugues Anglade,True Friends
Jean-Hugues Anglade,Il était une fois… « La Reine Margot »
Jean-Hugues Anglade,Rani
Jean-Hugues Anglade,A Bad Encounter
Jean-Hugues Anglade,In Love
Jean-Hugues Anglade,Blind Valley
Jean-Hugues Anglade,The Marquis
Jean-Hugues Anglade,A.D. La guerre de l'ombre
Jean-Hugues Anglade,A Dubious Place
Jean-Hugues Anglade,In Their Sleep
Jean-Hugues Anglade,Seeking Whom He May Devour
Jean-Hugues Anglade,La Double Inconstance
Jean-Hugues Anglade,The Chalk Circle Man
Jean-Hugues Anglade,Persecution
Jean-Hugues Anglade,Braquo
Jean-Hugues Anglade,C à vous
Jean-Hugues Anglade,Il prossimo tuo
Jean-Hugues Anglade,Villa Amalia
Jean-Hugues Anglade,Fred Vargas: Crime Collection
Jean-Hugues Anglade,John Adams
Jean-Hugues Anglade,Sous les vents de Neptune
Jean-Hugues Anglade,Borderline
Jean-Hugues Anglade,La Face cachée
Jean-Hugues Anglade,Shake Hands with the Devil
Jean-Hugues Anglade,Fata Morgana
Jean-Hugues Anglade,Gaspard le bandit
Jean-Hugues Anglade,Kein Himmel über Afrika
Jean-Hugues Anglade,L'Anniversaire
Jean-Hugues Anglade,Taking Lives
Jean-Hugues Anglade,Leave Your Hands on My Hips
Jean-Hugues Anglade,It's Easier for a Camel...
Jean-Hugues Anglade,Sweat
Jean-Hugues Anglade,The Best Day of My Life
Jean-Hugues Anglade,Mortal Transfer
Jean-Hugues Anglade,Princesses
Jean-Hugues Anglade,Le prof
Jean-Hugues Anglade,Across the Road
Jean-Hugues Anglade,Innocents
Jean-Hugues Anglade,The Sopranos
Jean-Hugues Anglade,Tonka
Jean-Hugues Anglade,Maximum Risk
Jean-Hugues Anglade,Elie Wiesel Goes Home
Jean-Hugues Anglade,Elective Affinities
Jean-Hugues Anglade,The Liars
Jean-Hugues Anglade,Nelly and Monsieur Arnaud
Jean-Hugues Anglade,Dis-moi oui...
Jean-Hugues Anglade,One Hundred and One Nights
Jean-Hugues Anglade,Léon: The Professional
Jean-Hugues Anglade,Queen Margot
Jean-Hugues Anglade,The Groundhogs
Jean-Hugues Anglade,Killing Zoe
Jean-Hugues Anglade,Look to the Sky
Jean-Hugues Anglade,Zone interdite
Jean-Hugues Anglade,Especially on Sunday
Jean-Hugues Anglade,Gawin
Jean-Hugues Anglade,Summer Night in Town
Jean-Hugues Anglade,La Femme Nikita
Jean-Hugues Anglade,Nocturne Indien
Jean-Hugues Anglade,Malady of Love
Jean-Hugues Anglade,Betty Blue
Jean-Hugues Anglade,Among Wolves
Jean-Hugues Anglade,Subway
Jean-Hugues Anglade,Dangerous Moves
Jean-Hugues Anglade,The Wounded Man
Jean-Hugues Anglade,L'indiscrétion
Jean-Hugues Anglade,Le Grand Échiquier
Jean-Hugues Anglade,Tonka
Jean-Hugues Anglade,Tonka
Didier Legros,Léon: The Professional
Michel Montanary,Léon: The Professional
Michel Montanary,Subway
Michel Montanary,Mist Melodies in Paris
Michel Montanary,Bobo Jacco
Gilles Kleber,Léon: The Professional
David Gregg,Léon: The Professional
David Gregg,Highlander: The Series
David Gregg,Empire of Ash
Junior Almeida,Léon: The Professional
Samy Naceri,"Atoman, Wind Rider"
Samy Naceri,The Immigrant
Samy Naceri,Milarepa
Samy Naceri,American Badass: A Michael Madsen Retrospective
Samy Naceri,The Moderator
Samy Naceri,Menace sur Kermadec
Samy Naceri,Patrick & Sebastien Vs The Fake News
Samy Naceri,Redemption Day
Samy Naceri,Gone Into Fog
Samy Naceri,Stolen Identity
Samy Naceri,Tip Top
Samy Naceri,Murders in...
Samy Naceri,Voyage sans retour
Samy Naceri,Cas ID
Samy Naceri,Dolls and Angels
Samy Naceri,Taxi 4
Samy Naceri,Days of Glory
Cary Wong,Smoke
Cary Wong,The Night We Never Met
Cary Wong,Law & Order: Criminal Intent
Cary Wong,Léon: The Professional
Cary Wong,Children of the Dragon
Samy Naceri,Bab El Web
Samy Naceri,Seconde chance
Samy Naceri,Taxi 3
Samy Naceri,The Code
Samy Naceri,The Repentant
Samy Naceri,Féroce
Samy Naceri,The Nest
Samy Naceri,Tom Thumb
Samy Naceri,L'Aîné des Ferchaux
Samy Naceri,L'Aîné des Ferchaux
Samy Naceri,Burger Quiz
Samy Naceri,Return to Algiers
Samy Naceri,Taxi 2
Samy Naceri,One 4 All
Samy Naceri,Un pur moment de rock'n roll
Samy Naceri,Melody for a Hustler
Samy Naceri,Vivement dimanche
Samy Naceri,Taxi
Samy Naceri,Bouge !
Samy Naceri,Autre chose à foutre qu'aimer
Samy Naceri,Coup de vice
Samy Naceri,Pourquoi partir?
Samy Naceri,Rai
Samy Naceri,Brothers: Red Roulette
Samy Naceri,Léon: The Professional
Samy Naceri,Fort Boyard
Samy Naceri,Victoires de la musique
Fred Fischer,Léon: The Professional
Fred Fischer,A Bronx Tale
Fred Fischer,Don't Look Now... We're Being Shot At!
Jeff McBride,Celebracadabra
Jeff McBride,Jeff McBride: A Magickal Life
Jeff McBride,Léon: The Professional
Jeff McBride,Star Trek: Deep Space Nine
Jeff McBride,The Paul Daniels Magic Show
Crystal Blake,Léon: The Professional
Mario Todisco,Fresh Kill
Mario Todisco,Léon: The Professional
Mario Todisco,The Hudsucker Proxy
Mario Todisco,Life with Mikey
Mario Todisco,Home Alone 2: Lost in New York
Mario Todisco,29th Street
Mario Todisco,Miller's Crossing
Mario Todisco,Cadillac Man
Mario Todisco,Cookie
Mario Todisco,Spike of Bensonhurst
Mario Todisco,The Odds
Mario Todisco,Tales from the Darkside
Mario Todisco,Ghostbusters
Randy Pearlstein,Ugly Americans
Randy Pearlstein,Center Stage
Randy Pearlstein,Suits
Randy Pearlstein,Dead Man on Campus
Randy Pearlstein,The Mirror Has Two Faces
Randy Pearlstein,FX: The Series
Randy Pearlstein,Search and Destroy
Randy Pearlstein,Léon: The Professional
Randy Pearlstein,Cabin Fever
Randy Pearlstein,Cabin Fever
Randy Pearlstein,Cabin Fever
Randy Pearlstein,After School Massacre
Hervé Husson,(Paris: XY)
Hervé Husson,H
Hervé Husson,Léon: The Professional
Hervé Husson,Police Commissioner Moulin
Sonny Zito,The Sopranos
Sonny Zito,Rounders
Sonny Zito,Léon: The Professional
Sonny Zito,Carlito's Way
Sonny Zito,Out for Justice
Steve Gonnelo,Head Games
Steve Gonnelo,Léon: The Professional
Robert LaSardo,Desert Fiends
Robert LaSardo,Cheer Bloody Murder
Robert LaSardo,Issac
Robert LaSardo,Arena Wars
Robert LaSardo,A Chance Before Hell
Robert LaSardo,Woods Witch
Robert LaSardo,Z Dead End
Robert LaSardo,American Trash
Robert LaSardo,Avery's Sin
Robert LaSardo,The Street Avenger
Robert LaSardo,The Magnificent Raiders of Dimension War One
Robert LaSardo,Camp Pleasant Lake
Robert LaSardo,Bloodthirst
Robert LaSardo,Buckle Up
Robert LaSardo,An Awful Thing Has Gone and Happened
Robert LaSardo,MobKing
Robert LaSardo,Old Man Jackson
Robert LaSardo,Johnny & Clyde
Robert LaSardo,Blood Harvest
Robert LaSardo,Amber Road
Robert LaSardo,The Legend of Jack and Diane
Robert LaSardo,Bleach
Robert LaSardo,Night of the Tommyknockers
Robert LaSardo,Project Skyquake
Robert LaSardo,Section 8
Robert LaSardo,Free Dead or Alive
Robert LaSardo,Of the Devil
Robert LaSardo,Death Count
Robert LaSardo,The Squad: Rise of the Chicano Squad
Robert LaSardo,When George Got Murdered
Robert LaSardo,Bridge of the Doomed
Robert LaSardo,Damon's Revenge
Robert LaSardo,Mind Games
Robert LaSardo,American Desert
Robert LaSardo,The Pizza Joint
Robert LaSardo,14 Ghosts
Robert LaSardo,Narco Sub
Robert LaSardo,Hope For The Holidays
Robert LaSardo,Live and Die in East L.A.
Robert LaSardo,Home Stay
Robert LaSardo,Sky Sharks
Robert LaSardo,Attack of the Unknown
Robert LaSardo,DAVE
Robert LaSardo,The Mule
Robert LaSardo,Cynthia
Robert LaSardo,Silencer
Robert LaSardo,Lake of Shadows
Robert LaSardo,Blood Circus
Robert LaSardo,Jason's Letter
Robert LaSardo,Psych: The Movie
Robert LaSardo,Henri
Robert LaSardo,Calico Skies
Robert LaSardo,Secrets of Deception
Robert LaSardo,Nightblade
Robert LaSardo,Anarchy Parlor
Robert LaSardo,Everlasting
Robert LaSardo,The Human Centipede 3 (Final Sequence)
Robert LaSardo,Jurassic City
Robert LaSardo,Back in the Game
Robert LaSardo,Bad Samaritans
Robert LaSardo,Tomorrow You're Gone
Robert LaSardo,Junkie
Robert LaSardo,Poolboy: Drowning Out the Fury
Robert LaSardo,Femme Fatales
Robert LaSardo,Double Tap
Robert LaSardo,The Wrath of Cain
Robert LaSardo,Autopsy
Robert LaSardo,Death Race
Robert LaSardo,Life
Robert LaSardo,Shark
Robert LaSardo,Ghost Whisperer
Robert LaSardo,Bones
Robert LaSardo,Wanted
Robert LaSardo,Eyes
Robert LaSardo,Blind Justice
Robert LaSardo,Dirty
Robert LaSardo,Latin Dragon
Robert LaSardo,LArceny
Robert LaSardo,In Hell
Robert LaSardo,Cold Case
Robert LaSardo,Nip/Tuck
Robert LaSardo,Boomtown
Robert LaSardo,CSI: Miami
Robert LaSardo,Fastlane
Robert LaSardo,The Shield
Robert LaSardo,UC: Undercover
Robert LaSardo,Bubble Boy
Robert LaSardo,The Lone Gunmen
Robert LaSardo,CSI: Crime Scene Investigation
Robert LaSardo,18 Wheels of Justice
Robert LaSardo,Judging Amy
Robert LaSardo,Blue Streak
Robert LaSardo,In Too Deep
Robert LaSardo,Crossfire
Robert LaSardo,Wishmaster 2: Evil Never Dies
Robert LaSardo,Strangeland
Robert LaSardo,V.I.P.
Robert LaSardo,Carnival of Souls
Robert LaSardo,Running Woman
Robert LaSardo,Gang Related
Robert LaSardo,Under Oath
Robert LaSardo,Double Tap
Robert LaSardo,Nightwatch
Robert LaSardo,Tiger Heart
Robert LaSardo,One Man's Justice
Robert LaSardo,Nash Bridges
Robert LaSardo,The Sentinel
Robert LaSardo,Pacific Blue
Robert LaSardo,The Real Thing
Robert LaSardo,Murder One
Robert LaSardo,Last Man Standing
Robert LaSardo,Waterworld
Robert LaSardo,Drop Zone
Robert LaSardo,Léon: The Professional
Robert LaSardo,Jimmy Hollywood
Robert LaSardo,Blood Run
Robert LaSardo,The X-Files
Robert LaSardo,Renegade
Robert LaSardo,Out for Justice
Robert LaSardo,Law & Order
Robert LaSardo,King of New York
Robert LaSardo,Dream On
Robert LaSardo,Hard to Kill
Robert LaSardo,Penn & Teller Get Killed
Robert LaSardo,Rooftops
Robert LaSardo,Me and Him
Robert LaSardo,Short Circuit 2
Robert LaSardo,China Beach
Robert LaSardo,China Girl
Robert LaSardo,American Trash
Robert LaSardo,American Trash
Robert LaSardo,American Trash
William James Stiggers Jr.,Léon: The Professional
William James Stiggers Jr.,Strapped
David W. Butler,Law & Order: Criminal Intent
David W. Butler,Léon: The Professional
David W. Butler,Night and the City
David W. Butler,Iron Maze
David W. Butler,Night of the Living Dead
David W. Butler,Law & Order
David W. Butler,Dawn of the Dead
Marc Andréoni,Le meilleur de nulle part ailleurs
Marc Andréoni,Balibalo
Marc Andréoni,Vortex
Marc Andréoni,"Cyrano, My Love"
Marc Andréoni,Accidental Family
Marc Andréoni,Vicky
Marc Andréoni,The Jews
Marc Andréoni,La storia di Cino
Marc Andréoni,3 Days to Kill
Marc Andréoni,La Croisière
Marc Andréoni,Vive la France
Marc Andréoni,Poor Richard!
Peter Vizard,Léon: The Professional
Peter Vizard,Highlander: The Series
Peter Vizard,Le Grand Échiquier
Geoffrey Bateman,The Evolution Of Humans
Geoffrey Bateman,Hitler's Disastrous Desert War
Geoffrey Bateman,Dream
Geoffrey Bateman,"De Gaulle, l'éclat et le secret"
Geoffrey Bateman,Camille
Geoffrey Bateman,Hitlers Sista Dagar
Geoffrey Bateman,The Last Secrets of the Nasca
Geoffrey Bateman,Divino Inferno – Rodin and the Gates of Hell
Geoffrey Bateman,Khrushchev Does America
Geoffrey Bateman,Happiness Never Comes Alone
Geoffrey Bateman,The Nights of Alice
Geoffrey Bateman,Heartbreaker
Geoffrey Bateman,The Mandrake Root
Geoffrey Bateman,La prophétie d'Avignon
Geoffrey Bateman,Manderlay
Geoffrey Bateman,Sharks 3D
Marc Andréoni,Stars 80
Marc Andréoni,Would I Lie to You? 3
Marc Andréoni,His Majesty Minor
Marc Andréoni,Taxi 4
Marc Andréoni,Espace détente
Marc Andréoni,3 petites filles
Marc Andréoni,Eros Therapy
Marc Andréoni,Corto Maltese: Under the Sign of Capricorn
Marc Andréoni,Payoff
Marc Andréoni,Life Kills Me
Marc Andréoni,Caméra Café
Marc Andréoni,Would I Lie to You? 2
Marc Andréoni,Un pur moment de rock'n roll
Marc Andréoni,En attendant la neige
Marc Andréoni,Zonzon
Marc Andréoni,Select Hotel
Marc Andréoni,Les Bœuf-carottes
Marc Andréoni,Léon: The Professional
Marc Andréoni,The Machine
Marc Andréoni,Couples et amants
Marc Andréoni,Highlander: The Series
Marc Andréoni,Oostende
Marc Andréoni,Cop's Honor
Marc Andréoni,Police Commissioner Moulin
Marc Andréoni,Balibalo
Marc Andréoni,Zonzon
Marc Andréoni,Balibalo
Geoffrey Bateman,Ocean Wonderland
Geoffrey Bateman,Enchanted Interlude
Geoffrey Bateman,One 4 All
Geoffrey Bateman,30 Years to Life
Geoffrey Bateman,Droit dans le mur
Geoffrey Bateman,My Son the Fanatic
Geoffrey Bateman,Le dernier été
Geoffrey Bateman,This Life
Geoffrey Bateman,Au petit Marguery
Geoffrey Bateman,Napoleon
Geoffrey Bateman,Léon: The Professional
Geoffrey Bateman,Highlander: The Series
Geoffrey Bateman,From Doon with Death
Geoffrey Bateman,Agatha Christie's Poirot
Geoffrey Bateman,Eurocops
Geoffrey Bateman,State of Grace
Geoffrey Bateman,Casualty
Geoffrey Bateman,Lovejoy
Geoffrey Bateman,Another Country
Geoffrey Bateman,The Bunker
Geoffrey Bateman,Hamlet
Geoffrey Bateman,Doctor Who: Nightmare of Eden
Geoffrey Bateman,The Legend of King Arthur
Geoffrey Bateman,Secret Army
Geoffrey Bateman,Beasts
Geoffrey Bateman,Beasts: Special Offer
Geoffrey Bateman,Dead Cert
Geoffrey Bateman,Public Eye
Christophe Gautier,Léon: The Professional
Carl J. Matusovich,Nobody's Fool
Carl J. Matusovich,Léon: The Professional
Carl J. Matusovich,Law & Order
Don Creech,Karma Local
Don Creech,Moments of Clarity
Don Creech,Jane the Virgin
Don Creech,Brooklyn Nine-Nine
Don Creech,X-Men: First Class
Don Creech,Red Dead Redemption: The Man from Blackwater
Don Creech,The Curious Case of Benjamin Button
Don Creech,"Ned's Declassified School Survival Guide: Field Trips, Permission Slips, Signs, and Weasels"
Don Creech,Criminal Minds
Don Creech,How I Met Your Mother
Don Creech,"Good Night, and Good Luck."
Don Creech,The Island
Don Creech,Ned's Declassified School Survival Guide
Don Creech,CSI: Miami
Don Creech,Law & Order: Criminal Intent
Don Creech,Law & Order: Special Victims Unit
Don Creech,8MM
Don Creech,The Curse
Don Creech,The Tavern
Don Creech,The Book of Life
Don Creech,Three Below Zero
Don Creech,Henry Fool
Don Creech,Flirting with Disaster
Don Creech,Léon: The Professional
Don Creech,Law & Order
Ellen Greene,The Untold Story
Ellen Greene,Howard
Ellen Greene,Love's Last Resort
Ellen Greene,Rapunzel's Tangled Adventure
Ellen Greene,The Walking Dead: The Oath
Ellen Greene,Hannibal
Ellen Greene,The Walking Dead
Ellen Greene,Pound Puppies
Ellen Greene,Batman: The Brave and the Bold
Ellen Greene,Pushing Daisies
Ellen Greene,Out of Jimmy's Head
Ellen Greene,Re-Animated
Ellen Greene,Heroes
Ellen Greene,Fielder's Choice
Ellen Greene,Mystery Woman: Sing Me a Murder
Ellen Greene,10 Year Retrospective: Cast and Crew Look Back
Ellen Greene,Love Object
Ellen Greene,The Cooler
Ellen Greene,Alex in Wonder
Ellen Greene,"Hey, Mr. Producer! The Musical World of Cameron Mackintosh"
Ellen Greene,Jaded
Ellen Greene,States of Control
Ellen Greene,One Fine Day
Ellen Greene,An Occasional Hell
Ellen Greene,Killer: A Journal of Murder
Ellen Greene,Murdered Innocence
Ellen Greene,Cybill
Ellen Greene,Léon: The Professional
Ellen Greene,Wagons East!
Ellen Greene,Naked Gun 33⅓: The Final Insult
Ellen Greene,The X-Files
Ellen Greene,Liza Minnelli - Live from Radio City Music Hall
Ellen Greene,Fathers & Sons
Ellen Greene,Stepping Out
Ellen Greene,Rock-A-Doodle
Ellen Greene,Law & Order
Ellen Greene,Pump Up the Volume
Ellen Greene,Dinner at Eight
Ellen Greene,Glory!  Glory!
Ellen Greene,Talk Radio
Ellen Greene,Me and Him
Ellen Greene,Superman's 50th Anniversary: A Celebration of the Man of Steel
Ellen Greene,Little Shop of Horrors
Ellen Greene,Miami Vice
Ellen Greene,The Magic of Herself the Elf
Ellen Greene,I'm Dancing as Fast as I Can
Ellen Greene,Seventh Avenue
Ellen Greene,"Next Stop, Greenwich Village"
Ellen Greene,The Tonight Show Starring Johnny Carson
Ellen Greene,Three Wishes
Ellen Greene,Baby: Secret of the Lost Legend
Ellen Greene,Rock-A-Doodle
Michael Badalucco,Teenage Mutant Ninja Turtles: Mutant Mayhem
Michael Badalucco,Never Have I Ever
Michael Badalucco,Eagle and the Albatross
Michael Badalucco,The Jesus Rolls
Michael Badalucco,"Oh Jerome, No"
Michael Badalucco,The Hammer
Michael Badalucco,Rules Don't Apply
Michael Badalucco,The Mascot
Michael Badalucco,Addiction: A 60's Love Story
Michael Badalucco,Dancer and the Dame
Michael Badalucco,Streets of Hope
Michael Badalucco,Zarra's Law
Michael Badalucco,Fading Gigolo
Michael Badalucco,Heebie Jeebies
Michael Badalucco,The Confession
Michael Badalucco,The Resident
Michael Badalucco,In My Sleep
Michael Badalucco,Naked Movie
Michael Badalucco,Justice
Michael Badalucco,Bones
Michael Badalucco,Pizza My Heart
Michael Badalucco,Bewitched
Michael Badalucco,10 Year Retrospective: Cast and Crew Look Back
Michael Badalucco,Gourmet Club
Michael Badalucco,2BPerfectlyHonest
Michael Badalucco,Cold Case
Michael Badalucco,Joan of Arcadia
Michael Badalucco,Heaven Touches Brooklyn in July
Michael Badalucco,13 Moons
Michael Badalucco,Monk
Michael Badalucco,The Man Who Wasn't There
Michael Badalucco,Boston Public
Michael Badalucco,"O Brother, Where Art Thou?"
Michael Badalucco,Law & Order: Special Victims Unit
Michael Badalucco,Summer of Sam
Michael Badalucco,You've Got Mail
Michael Badalucco,Hollywood Squares
Michael Badalucco,Lesser Prophets
Michael Badalucco,The Deli
Michael Badalucco,Ally McBeal
Michael Badalucco,Commandments
Michael Badalucco,The Practice
Michael Badalucco,Love Walked In
Michael Badalucco,One Fine Day
Michael Badalucco,Basquiat
Michael Badalucco,Two If by Sea
Michael Badalucco,New York News
Michael Badalucco,Clockers
Michael Badalucco,Central Park West
Michael Badalucco,Mixed Nuts
Michael Badalucco,The Search for One-eye Jimmy
Michael Badalucco,Léon: The Professional
Michael Badalucco,Men Lie
Michael Badalucco,Sleepless in Seattle
Michael Badalucco,Night and the City
Michael Badalucco,Mac
Michael Badalucco,Juice
Michael Badalucco,Jungle Fever
Michael Badalucco,Switch
Michael Badalucco,The Hard Way
Michael Badalucco,Men Of Respect
Michael Badalucco,Miller's Crossing
Michael Badalucco,Law & Order
Michael Badalucco,Desperately Seeking Susan
Michael Badalucco,Broadway Danny Rose
Michael Badalucco,Raging Bull
Michael Badalucco,Christmas Story
Michael Badalucco,Who Is Norman Lloyd?
Michael Badalucco,"Bright Lights, Big City"
Michael Badalucco,Mixed Nuts
Arsène Jiroyan,Crimes parfaits
Arsène Jiroyan,"Stavisky, l'escroc du siècle"
Arsène Jiroyan,Moi et ses ex
Arsène Jiroyan,The Prey
Arsène Jiroyan,Ladies of the Law
Arsène Jiroyan,"Joséphine, Guardian Angel"
Arsène Jiroyan,Une histoire d'amour à la con
Arsène Jiroyan,Léon: The Professional
Arsène Jiroyan,The Machine
Arsène Jiroyan,Preuve d'amour
Betty Miller,Antigone
Betty Miller,Bringing Out the Dead
Betty Miller,Léon: The Professional
Betty Miller,Angie
Betty Miller,A League of Their Own
Betty Miller,Law & Order
Betty Miller,The Wizard of Loneliness
Betty Miller,The Pope of Greenwich Village
Betty Miller,Great Performances
Betty Miller,Medea
Peter Appel,Bad Education
Peter Appel,Blue Bloods
Peter Appel,Henry's Crime
Peter Appel,Life on Mars
Peter Appel,The Happening
Peter Appel,The Speed of Life
Peter Appel,The Kill Point
Peter Appel,Law & Order: Trial by Jury
Peter Appel,Hope & Faith
Peter Appel,God Has a Rap Sheet
Peter Appel,Tadpole
Peter Appel,Roger Dodger
Peter Appel,Spider-Man
Peter Appel,Get Well Soon
Peter Appel,Law & Order: Criminal Intent
Peter Appel,Curb Your Enthusiasm
Peter Appel,Overnight Sensation
Peter Appel,Judy Berlin
Peter Appel,Law & Order: Special Victims Unit
Peter Appel,Jump
Peter Appel,The Adventures of Young Indiana Jones: Scandal of 1920
Peter Appel,Above Freezing
Peter Appel,Side Streets
Peter Appel,Six Ways to Sunday
Peter Appel,Oz
Peter Appel,Sleepers
Peter Appel,Extreme Measures
Peter Appel,Big Night
Peter Appel,Man of the House
Peter Appel,The Jerky Boys
Peter Appel,Léon: The Professional
Peter Appel,Mr. Wonderful
Peter Appel,Basic Instinct
Peter Appel,The Young Indiana Jones Chronicles
Peter Appel,Shadows and Fog
Peter Appel,Regarding Henry
Peter Appel,Law & Order
Peter Appel,Presumed Innocent
Peter Appel,Days of Thunder
Peter Appel,Everybody Wins
Peter Appel,Silence Like Glass
Elizabeth Regen,Here We Are
Elizabeth Regen,Masters of Sex
Elizabeth Regen,The Exes
Elizabeth Regen,2 Broke Girls
Elizabeth Regen,Awkward.
Elizabeth Regen,Sherri
Elizabeth Regen,Beer League
Elizabeth Regen,Modern Men
Elizabeth Regen,My Coolest Years
Elizabeth Regen,Looking for Kitty
Elizabeth Regen,Whoopi
Elizabeth Regen,Love the Hard Way
Elizabeth Regen,CSI: Crime Scene Investigation
Elizabeth Regen,Malcolm in the Middle
Elizabeth Regen,Snapped
Elizabeth Regen,Sex and the City
Elizabeth Regen,The View
Elizabeth Regen,Léon: The Professional
Elizabeth Regen,Law & Order
Gary Oldman,L'apparato umano
Gary Oldman,Flying Horse
Gary Oldman,Oppenheimer
Gary Oldman,Winona Ryder: The Ghosts She Called
Gary Oldman,Slow Horses
Gary Oldman,Nosferatu – Ein Film wie ein Vampir
Gary Oldman,Harry Potter 20th Anniversary: Return to Hogwarts
Gary Oldman,Exposing Muybridge
Gary Oldman,Hitman's Wife's Bodyguard
Gary Oldman,The Woman in the Window
Gary Oldman,Hannibal Hopkins et Sir Anthony
Gary Oldman,The Magic of the Movies: Behind the Scenes of David Fincher's Mank
Gary Oldman,Crisis
Gary Oldman,Mank
Gary Oldman,A Place Among the Dead
Gary Oldman,The Courier
Gary Oldman,The Laundromat
Gary Oldman,Mary
Gary Oldman,Killers Anonymous
Gary Oldman,Obscura
Gary Oldman,Hunter Killer
Gary Oldman,Beyond Boundaries: The Harvey Weinstein Scandal
Gary Oldman,Tau
Gary Oldman,Darkest Hour
Gary Oldman,The Hitman's Bodyguard
Gary Oldman,The Human Face
Gary Oldman,Julian Schnabel: A Private Portrait
Gary Oldman,The Space Between Us
Gary Oldman,Criss Angel Trick'd Up
Gary Oldman,Criminal
Gary Oldman,Man Down
Gary Oldman,Close Up with The Hollywood Reporter
Gary Oldman,The Driver
Gary Oldman,Child 44
Gary Oldman,Dawn of the Planet of the Apes
Gary Oldman,I Am Steve McQueen
Gary Oldman,Late Night with Seth Meyers
Gary Oldman,RoboCop
Gary Oldman,The Fire Rises: The Creation and Impact of The Dark Knight Trilogy
Gary Oldman,La Petite Mort
Gary Oldman,Paranoia
Gary Oldman,Ending the Knight
Gary Oldman,Daniel Radcliffe: Being Harry Potter
Gary Oldman,"Guns, Girls and Gambling"
Gary Oldman,Lawless
Gary Oldman,The Dark Knight Rises
Gary Oldman,Jack White: Unstaged
Gary Oldman,Final Cut: Ladies and Gentlemen
Gary Oldman,Touch of Evil
Gary Oldman,Tinker Tailor Soldier Spy
Gary Oldman,Harry Potter and the Deathly Hallows: Part 2
Gary Oldman,Kung Fu Panda 2
Gary Oldman,Red Riding Hood
Gary Oldman,Conan
Gary Oldman,One Night in Turin
Gary Oldman,The Book of Eli
Gary Oldman,Planet 51
Gary Oldman,A Christmas Carol
Gary Oldman,Heath Ledger: A Tribute
Gary Oldman,Rain Fall
Gary Oldman,The Unborn
Gary Oldman,The Dark Knight
Gary Oldman,Gotham Tonight
Gary Oldman,The Blood Is the Life: The Making of 'Bram Stoker's Dracula'
Gary Oldman,The Costumes Are the Sets: The Design of Eiko Ishioka
Gary Oldman,In Camera: The Naïve Visual Effects of 'Bram Stoker's Dracula'
Gary Oldman,Harry Potter and the Order of the Phoenix
Gary Oldman,The Graham Norton Show
Gary Oldman,The Backwoods
Gary Oldman,"Chutzpah, This Is?"
Gary Oldman,Harry Potter and the Goblet of Fire
Gary Oldman,Dead Fish
Gary Oldman,Batman Begins
Gary Oldman,The Magic Touch of Harry Potter
Gary Oldman,Harry Potter and the Prisoner of Azkaban
Gary Oldman,Tiptoes
Gary Oldman,Jimmy Kimmel Live!
Gary Oldman,Sin
Gary Oldman,Beat the Devil
Gary Oldman,V Graham Norton
Gary Oldman,Interstate 60
Gary Oldman,Greg the Bunny
Gary Oldman,Breaking the Silence: The Making of Hannibal
Gary Oldman,The Hire
Gary Oldman,Hannibal
Gary Oldman,Nobody's Baby
Gary Oldman,The Contender
Gary Oldman,Alan Clarke: His Own Man
Gary Oldman,The Early Show
Gary Oldman,Jesus
Gary Oldman,Quest for Camelot
Gary Oldman,Lost in Space
Gary Oldman,Lost In Space Forever
Gary Oldman,Air Force One
Gary Oldman,The Fifth Element
Gary Oldman,In Search of Dracula with Jonathan Ross
Gary Oldman,Basquiat
Gary Oldman,The Scarlet Letter
Gary Oldman,Murder in the First
Gary Oldman,Immortal Beloved
Gary Oldman,Friends
Gary Oldman,Léon: The Professional
Gary Oldman,Who Was Lee Harvey Oswald?
Gary Oldman,Romeo Is Bleeding
Gary Oldman,True Romance
Gary Oldman,Fallen Angels
Gary Oldman,Dead End for Delia
Gary Oldman,Making 'Bram Stoker's Dracula'
Gary Oldman,Bram Stoker's Dracula
Gary Oldman,HBO First Look
Gary Oldman,Beyond JFK: The Question of Conspiracy
Gary Oldman,Blood Lines: Dracula - The Man. The Myth. The Movies.
Gary Oldman,JFK
Gary Oldman,Director: Alan Clarke
Gary Oldman,Rosencrantz & Guildenstern Are Dead
Gary Oldman,Heading Home
Gary Oldman,Henry & June
Gary Oldman,State of Grace
Gary Oldman,Chattahoochee
Gary Oldman,Criminal Law
Gary Oldman,The Firm
Gary Oldman,We Think the World of You
Gary Oldman,LIVE with Kelly and Mark
Gary Oldman,Track 29
Gary Oldman,Prick Up Your Ears
Gary Oldman,Rat in the Skull
Gary Oldman,England's Glory
Gary Oldman,Sid and Nancy
Gary Oldman,Honest Decent & True
Gary Oldman,Meantime
Gary Oldman,Dramarama
Gary Oldman,Remembrance
Gary Oldman,Knots Landing
Gary Oldman,The Oscars
Gary Oldman,Flying Horse
Gary Oldman,Jack White: Unstaged
Gary Oldman,Donut
Gary Oldman,Nil by Mouth
Gary Oldman,Nobody's Baby
Gary Oldman,The Contender
Gary Oldman,Nil by Mouth
Gary Oldman,Flying Horse
Gary Oldman,Nil by Mouth
Keith A. Glascoe,Assault on Devil's Island
Keith A. Glascoe,Léon: The Professional
Keith A. Glascoe,Dottie Gets Spanked
Danny Aiello,One Moment
Danny Aiello,"Stallone: Frank, That Is"
Danny Aiello,The Last Big Save
Danny Aiello,Making a Deal with the Devil
Danny Aiello,Basketball: A Love Story
Danny Aiello,Little Italy
Danny Aiello,The Neighborhood
Danny Aiello,Henry & Me
Danny Aiello,Reach Me
Danny Aiello,Mulberry St.
Danny Aiello,Stiffs
Danny Aiello,Madonna: Celebration - The Video Collection
Danny Aiello,The Last Request
Danny Aiello,Lucky Number Slevin
Danny Aiello,Moonstruck: At the Heart of an Italian Family
Danny Aiello,Brooklyn Lobster
Danny Aiello,Zeyda and the Hitman
Danny Aiello,Mail Order Bride
Danny Aiello,Off Key
Danny Aiello,Prince of Central Park
Danny Aiello,Dinner Rush
Danny Aiello,Mambo Café
Danny Aiello,18 Shades of Dust
Danny Aiello,Wilbur Falls
Danny Aiello,The Last Don II
Danny Aiello,A Brooklyn State of Mind
Danny Aiello,Dellaventura
Danny Aiello,The Last Don
Danny Aiello,Unforgotten: Twenty-Five Years After Willowbrook
Danny Aiello,Bring Me the Head of Mavis Davis
Danny Aiello,Mojave Moon
Danny Aiello,2 Days in the Valley
Danny Aiello,City Hall
Danny Aiello,Two Much
Danny Aiello,Power of Attorney
Danny Aiello,Brothers' Destiny
Danny Aiello,Lieberman in Love
Danny Aiello,Ready to Wear
Danny Aiello,Léon: The Professional
Danny Aiello,Me and the Kid
Danny Aiello,Late Night with Conan O'Brien
Danny Aiello,The Pickle
Danny Aiello,The Cemetery Club
Danny Aiello,Mistress
Danny Aiello,Ruby
Danny Aiello,29th Street
Danny Aiello,Hudson Hawk
Danny Aiello,Once Around
Danny Aiello,Building 'Jacob's Ladder'
Danny Aiello,Madonna: The Immaculate Collection
Danny Aiello,Jacob's Ladder
Danny Aiello,Richard Lewis: I'm Doomed
Danny Aiello,Night of 100 Stars III
Danny Aiello,The Closer
Danny Aiello,Harlem Nights
Danny Aiello,Making 'Do the Right Thing'
Danny Aiello,The Preppie Murder
Danny Aiello,Do the Right Thing
Danny Aiello,Shocktroop
Danny Aiello,White Hot
Danny Aiello,The January Man
Danny Aiello,The Third Solution
Danny Aiello,Alone in the Neon Jungle
Danny Aiello,Moonstruck
Danny Aiello,The Pick-up Artist
Danny Aiello,Man on Fire
Danny Aiello,Daddy
Danny Aiello,The Hustler of Money
Danny Aiello,Radio Days
Danny Aiello,Key Exchange
Danny Aiello,The Protector
Danny Aiello,The Stuff
Danny Aiello,Lady Blue
Danny Aiello,The Purple Rose of Cairo
Danny Aiello,Death Mask
Danny Aiello,The Odds
Danny Aiello,Tales from the Darkside
Danny Aiello,Old Enough
Danny Aiello,Once Upon a Time in America
Danny Aiello,Blood Feud
Danny Aiello,Blood Feud
Danny Aiello,A Question of Honor
Danny Aiello,The Unforgivable Secret
Danny Aiello,Gemini
Danny Aiello,Chu Chu and the Philly Flash
Danny Aiello,Nurse
Danny Aiello,"Fort Apache, the Bronx"
Danny Aiello,A Family Of Strangers
Danny Aiello,Hide in Plain Sight
Danny Aiello,Defiance
Danny Aiello,"Lovey: A Circle of Children, Part II"
Danny Aiello,Bloodbrothers
Danny Aiello,The Last Tenant
Danny Aiello,Fingers
Danny Aiello,Hooch
Danny Aiello,The Andros Targets
Danny Aiello,The Front
Danny Aiello,Saturday Night Live
Danny Aiello,The Godfather Part II
Danny Aiello,The Godmothers
Danny Aiello,Kojak
Danny Aiello,Bang the Drum Slowly
Danny Aiello,ABC Afterschool Special
Danny Aiello,Dellaventura
Danny Aiello,U.S. Marshals: Waco & Rhinehart
Danny Aiello,The Watcher
Eric Challier,William the Conqueror
Eric Challier,Ultimate Heist
Eric Challier,Taxi 2
Eric Challier,Seule
Eric Challier,Mayday
Eric Challier,Léon: The Professional
Natalie Portman,Lady in the Lake
Natalie Portman,Paul McCartney: My Valentine
Natalie Portman,Foxy Trotter
Natalie Portman,Bronco Belle
Natalie Portman,May December
Natalie Portman,Angel City
Natalie Portman,Secrets of the Elephants
Natalie Portman,Thor: Love and Thunder
Natalie Portman,What If...?
Natalie Portman,One-Tenth of a Millimeter Apart
Natalie Portman,Marvel Studios Legends
Natalie Portman,Lucy in the Sky
Natalie Portman,This Changes Everything
Natalie Portman,Avengers: Endgame
Natalie Portman,The Death & Life of John F. Donovan
Natalie Portman,Bluey
Natalie Portman,Vox Lux
Natalie Portman,Annihilation
Natalie Portman,Song to Song
Natalie Portman,Jackie
Natalie Portman,Planetarium
Natalie Portman,Angie Tribeca
Natalie Portman,Jane Got a Gun
Natalie Portman,A Tale of Love and Darkness
Natalie Portman,The Heyday of the Insensitive Bastards
Natalie Portman,The Late Late Show with James Corden
Natalie Portman,Hot Ones
Natalie Portman,Knight of Cups
Natalie Portman,Late Night with Seth Meyers
Natalie Portman,Thor: The Dark World
Natalie Portman,Illusions & Mirrors
Natalie Portman,Thor
Natalie Portman,Your Highness
Natalie Portman,No Strings Attached
Natalie Portman,Black Swan
Natalie Portman,The Other Woman
Natalie Portman,I'm Still Here
Natalie Portman,Hesher
Natalie Portman,Brothers
Natalie Portman,"New York, I Love You"
Natalie Portman,The Other Boleyn Girl
Natalie Portman,My Blueberry Nights
Natalie Portman,Mr. Magorium's Wonder Emporium
Natalie Portman,Hotel Chevalier
Natalie Portman,The Darjeeling Limited
Natalie Portman,Goya's Ghosts
Natalie Portman,Paris Je T'aime
Natalie Portman,V for Vendetta
Natalie Portman,Star Wars: Episode III - Revenge of the Sith
Natalie Portman,Free Zone
Natalie Portman,Domino One
Natalie Portman,Closer
Natalie Portman,Garden State
Natalie Portman,True
Natalie Portman,Cold Mountain
Natalie Portman,Star Wars: Episode II - Attack of the Clones
Natalie Portman,Zoolander
Natalie Portman,Where the Heart Is
Natalie Portman,Anywhere but Here
Natalie Portman,Star Wars: Episode I - The Phantom Menace
Natalie Portman,Mars Attacks!
Natalie Portman,Everyone Says I Love You
Natalie Portman,Beautiful Girls
Natalie Portman,Heat
Natalie Portman,Léon: The Professional
Natalie Portman,Developing
Natalie Portman,The Simpsons
Natalie Portman,Saturday Night Live
Natalie Portman,Sesame Street
Natalie Portman,Lady in the Lake
Natalie Portman,Foxy Trotter
Natalie Portman,May December
Natalie Portman,Angel City
Natalie Portman,Vox Lux
Natalie Portman,Eating Animals
Natalie Portman,Pride and Prejudice and Zombies
Natalie Portman,Jane Got a Gun
Natalie Portman,The Seventh Fire
Natalie Portman,No Strings Attached
Natalie Portman,The Other Woman
Natalie Portman,Hesher
Natalie Portman,Strong Enough
Natalie Portman,Cloud Atlas
Natalie Portman,I'm Still Here
Natalie Portman,Plan B
Natalie Portman,A Tale of Love and Darkness
Natalie Portman,"New York, I Love You"
Natalie Portman,Eve
Natalie Portman,A Tale of Love and Darkness
Natalie Portman,"New York, I Love You"
Natalie Portman,Eve
Jean Reno,The Man Who Saved Paris
Jean Reno,Werewolf
Jean Reno,Birdseye
Jean Reno,Paranoïa
Jean Reno,Maison de retraite 2
Jean Reno,Lift
Jean Reno,The Squad: Home Run
Jean Reno,Die Hart
Jean Reno,A Private Affair
Jean Reno,All Those Things We Never Said
Jean Reno,Promises
Jean Reno,The Last Journey
Jean Reno,I Love You Coiffure
Jean Reno,Rogue City
Jean Reno,The Doorman
Jean Reno,Die Hart
Jean Reno,Da 5 Bloods
Jean Reno,Waiting for Anya
Jean Reno,A Magical Journey
Jean Reno,Cold Blood
Jean Reno,4 latas
Jean Reno,The Girl in the Fog
Jean Reno,The Adventurers
Jean Reno,The Last Face
Jean Reno,Family Heist
Jean Reno,The Promise
Jean Reno,The Little Things
Jean Reno,The Visitors: Bastille Day
Jean Reno,Brothers of the Wind
Jean Reno,The Last Journey of the Enigmatic Paul W.R
Jean Reno,Call My Agent!
Jean Reno,Antigang
Jean Reno,"Gaumont, en effeuillant la marguerite"
Jean Reno,Benedict Ironbreaker: The Red Taxis
Jean Reno,Les Enfoirés - Les Enfoirés en choeur de 1985 à aujourd'hui
Jean Reno,Days and Nights
Jean Reno,Paris Story
Jean Reno,Hector and the Search for Happiness
Jean Reno,Our Summer in Provence
Jean Reno,Jo
Jean Reno,La Parenthèse inattendue
Jean Reno,The Day of the Crows
Jean Reno,Alex Cross
Jean Reno,The Dream Team
Jean Reno,Le Chef
Jean Reno,You Don't Choose Your Family
Jean Reno,Margaret
Jean Reno,The Philosopher
Jean Reno,22 Bullets
Jean Reno,The Round Up
Jean Reno,Armored
Jean Reno,Couples Retreat
Jean Reno,La Traversée du désir
Jean Reno,Ultimate Heist
Jean Reno,The Pink Panther 2
Jean Reno,Ca$h
Jean Reno,Ségo et Sarko sont dans un bateau...
Jean Reno,Flushed Away
Jean Reno,Flyboys
Jean Reno,The Da Vinci Code
Jean Reno,The Pink Panther
Jean Reno,Glanz & Gloria
Jean Reno,The Tiger and the Snow
Jean Reno,Empire of the Wolves
Jean Reno,Jean Reno: The Road to 'Léon'
Jean Reno,10 Year Retrospective: Cast and Crew Look Back
Jean Reno,The Late Late Show with Craig Ferguson
Jean Reno,Les Visiteurs Revisités
Jean Reno,Hotel Rwanda
Jean Reno,Ronin: Filming in the Fast Lane
Jean Reno,The Corsican File
Jean Reno,Crimson Rivers II: Angels of the Apocalypse
Jean Reno,Ruby & Quentin
Jean Reno,Jet Lag
Jean Reno,Rollerball
Jean Reno,"Making of ""la scène au scalpel"""
Jean Reno,Les rivières pourpres: L'enquête
Jean Reno,Wasabi
Jean Reno,Just Visiting
Jean Reno,The Crimson Rivers
Jean Reno,Ronin
Jean Reno,Vivement dimanche
Jean Reno,Vivement dimanche prochain
Jean Reno,Godzilla
Jean Reno,The Visitors II: The Corridors of Time
Jean Reno,Les Sœurs Soleil
Jean Reno,Witch Way Love
Jean Reno,Roseanna's Grave
Jean Reno,Jaguar
Jean Reno,Mission: Impossible
Jean Reno,Les Enfoirés 1996 - La Soirée des Enfoirés
Jean Reno,Beyond the Clouds
Jean Reno,French Kiss
Jean Reno,Boxer
Jean Reno,Léon: The Professional
Jean Reno,La Vis
Jean Reno,Flight from Justice
Jean Reno,The Visitors
Jean Reno,Loulou Graffiti
Jean Reno,L'Opération Corned Beef
Jean Reno,"Les Nuls, l'émission"
Jean Reno,La Femme Nikita
Jean Reno,L'homme au masque d'or
Jean Reno,The Big Blue
Jean Reno,I Love You
Jean Reno,Zone Red
Jean Reno,Victoires de la musique
Jean Reno,Strictement personnel
Jean Reno,Subway
Jean Reno,The Telephone Always Rings Twice
Jean Reno,Our Story
Jean Reno,The Last Battle
Jean Reno,The Passerby
Jean Reno,Champs-Elysées
Jean Reno,Les Bidasses aux grandes manœuvres
Jean Reno,L'Avant Dernier
Jean Reno,Womanlight
Jean Reno,The Hypothesis of the Stolen Painting
Willi One Blood,Blazin'
Willi One Blood,Joe's Apartment
Willi One Blood,Léon: The Professional
Willi One Blood,New York Undercover
